{
  "accuracy": 0.8705,
  "f1": 0.9252093560496679,
  "roc_auc": 0.8642022492411708,
  "train_seconds": 29.76746678352356,
  "train_n": 6000
}